id,path,year,title,type,width,height,bytes,sha256,source_url,downloaded_at,usage_note,license_status
ai4life-poster-2024,2024/ai4life-poster-2024.jpg,2024,Poster giới thiệu mùa 2024,Poster vuông,1024,1024,199128,b369249dd26b4fe9884da8b7839f4aab0a60a5603ca36a97dbc95d0c6e3a9a3e,https://vku.udn.vn/wp-content/uploads/2024/10/DanangAIforLife1-1024x1024.jpg,2026-10-07,"Tham khảo khối tiêu đề, mảng xanh và cách phân hai bảng thi; thông tin đăng ký trong ảnh thuộc mùa 2024.",Không xác minh giấy phép tái sử dụng; giữ nguồn và sử dụng làm tư liệu tham chiếu.
ai4life-rules-event-photo-2024,2024/ai4life-rules-event-photo-2024.jpg,2024,Thể lệ trình chiếu tại sự kiện 2024,Ảnh chụp màn hình thể lệ,2000,1328,419792,cb51c89bce80f1e1e3d5839e0093c3f08b403725af446c0a95cd5408acc285f3,https://tapchidongnama.vn/wp-content/uploads/2024/12/DSC_0054.jpg,2026-10-07,"Tham khảo hệ thống tiêu đề và phân khối; đây là ảnh chụp sự kiện, không phải tệp thiết kế gốc.",Không xác minh giấy phép tái sử dụng; giữ nguồn và sử dụng làm tư liệu tham chiếu.
ai4life-banner-2025,2025/ai4life-banner-2025.png,2025,Banner Danang AI4Life 2025,Banner ngang,3201,1800,924067,3e9b3a0ef6c2c7f97c622d460c81fc1dae538599debc277308707ac99f31a44f,https://vku.udn.vn/wp-content/uploads/2025/09/BG-VKU-AI-2025.png,2026-10-07,"Tham khảo dải logo sáng, xanh/cyan, tiêu đề vàng, nhãn navy và đường nét kiến trúc; không dùng như banner mùa 2026.",Không xác minh giấy phép tái sử dụng; giữ nguồn và sử dụng làm tư liệu tham chiếu.
ai4life-notice-poster-2025,2025/ai4life-notice-poster-2025.png,2025,Poster thông báo mùa 2025,Poster dọc,4001,5001,2429806,a61ab6a8326568a1e1cebbaa414bfe9055198ed86d09399b9b47e93d71afec5f,https://vku.udn.vn/wp-content/uploads/2025/09/VKU-AI-TB-So-1.png,2026-10-07,Tham khảo nhịp nội dung dọc và hai bảng thi. Chưa xác minh đây là standee hoặc biết kích thước in.,Không xác minh giấy phép tái sử dụng; giữ nguồn và sử dụng làm tư liệu tham chiếu.
ai4life-prizes-2025,2025/ai4life-prizes-2025.png,2025,Bảng giải thưởng mùa 2025,Ấn phẩm giải thưởng,3840,1487,309734,ce9fc9b8b13aa2a50760ef09c4030cc7a5f1431527cc6bef625c6d7bd6a6600a,https://vku.udn.vn/wp-content/uploads/2025/09/Presentation1.png,2026-10-07,Tham khảo phân cấp số và nhãn giải. Số tiền và cơ cấu mùa 2025 không áp dụng mặc định cho 2026.,Không xác minh giấy phép tái sử dụng; giữ nguồn và sử dụng làm tư liệu tham chiếu.
ai4life-award-backdrop-photo-2025,2025/ai4life-award-backdrop-photo-2025.jpg,2025,Backdrop tại lễ trao giải 2025,Ảnh sự kiện,1715,1072,546417,3a70aeccd730b4c2794cfb042b8d5eed2892b7d67d4488792b71b403efc328fc,https://bqn.1cdn.vn/2025/12/27/27-12-giai-nhat-2%281%29.jpg,2026-10-07,Tham khảo nhận diện thực tế trên sân khấu; nếu hiển thị trên website phải ghi đúng mùa 2025.,Không xác minh giấy phép tái sử dụng; giữ nguồn và sử dụng làm tư liệu tham chiếu.
ai4life-challenge-award-photo-2025,2025/ai4life-challenge-award-photo-2025.jpg,2025,Trao giải AI Challenge 2025,Ảnh sự kiện,1577,979,459885,4421ad1f7874e71e5ae86cfa0d4d6cf4e40315936c07cc9a56bcfd3ae2154551,https://bqn.1cdn.vn/2025/12/27/27-12-trao-giai-1%281%29.jpg,2026-10-07,"Tham khảo hình ảnh hoạt động, trang phục và sân khấu; không gắn thành kết quả mùa 2026.",Không xác minh giấy phép tái sử dụng; giữ nguồn và sử dụng làm tư liệu tham chiếu.
ai4life-students-photo-2025,2025/ai4life-students-photo-2025.jpg,2025,Sinh viên tham gia cuộc thi 2025,Ảnh hoạt động,2048,1365,422204,ba25078a5c03d26b867e844797a5d950e711dba050b6c50e7b343ccc0a1d8c06,https://bqn.1cdn.vn/2025/12/27/_mg_8056.jpg,2026-10-07,Ảnh sinh viên làm việc trên máy tính; không phải file banner hoặc sơ đồ hội trường.,Không xác minh giấy phép tái sử dụng; giữ nguồn và sử dụng làm tư liệu tham chiếu.
vku-logo-original,brand/vku-logo-original.svg,2023,Logo VKU từ website trường,Logo trong container SVG,76,50,52167,b7ca3ec347bc3a7fff94f89361e3b2c584f3d0b9972477f327cdcc69b013da97,https://vku.udn.vn/wp-content/uploads/2023/06/logo_intro.svg,2026-10-07,"Giữ nguyên khung và tỷ lệ. Tệp SVG chứa PNG nhúng, không phải logo đường nét vector thuần. Năm 2023 là năm thư mục nguồn, không phải năm thành lập/thiết kế logo.",Không xác minh giấy phép tái sử dụng; giữ nguồn và sử dụng làm tư liệu tham chiếu.
